Iteration,Cost,Temperature,Sequence
0,62,1000,5 2 6 4 3 1
1,40,200,5 3 6 4 2 1
2,52,40,5 4 6 3 2 1
3,54,8,5 4 6 1 2 3
4,48,1.6,5 6 4 1 2 3
5,55,0.32,5 6 4 1 3 2
6,47,0.06400001,1 6 4 5 3 2
7,49,0.0128,6 1 4 5 3 2
8,49,0.00256,6 1 4 5 3 2
9,45,0.0005120001,6 1 4 2 3 5
10,45,0.0001024,6 1 4 2 3 5
11,45,2.048E-05,6 1 4 2 3 5
12,45,4.096001E-06,6 1 4 2 3 5
13,35,1E-06,6 1 2 4 3 5
14,35,1E-06,6 1 2 4 3 5
15,35,1E-06,6 1 2 4 3 5
16,35,1E-06,6 1 2 4 3 5
17,35,1E-06,6 1 2 4 3 5
18,35,1E-06,6 1 2 4 3 5
19,35,1E-06,6 1 2 4 3 5
20,35,1E-06,6 1 2 4 3 5
21,35,1E-06,6 1 2 4 3 5
22,35,1E-06,6 1 2 4 3 5
23,35,1E-06,6 1 2 4 3 5
24,35,1E-06,6 1 2 4 3 5
25,35,1E-06,6 1 2 4 3 5
26,35,1E-06,6 1 2 4 3 5
27,35,1E-06,6 1 2 4 3 5
28,35,1E-06,6 1 2 4 3 5
29,35,1E-06,6 1 2 4 3 5
30,35,1E-06,6 1 2 4 3 5
31,35,1E-06,6 1 2 4 3 5
32,35,1E-06,6 1 2 4 3 5
33,35,1E-06,6 1 2 4 3 5
34,35,1E-06,6 1 2 4 3 5
35,35,1E-06,6 1 2 4 3 5
36,35,1E-06,6 1 2 4 3 5
37,35,1E-06,6 1 2 4 3 5
38,35,1E-06,6 1 2 4 3 5
39,35,1E-06,6 1 2 4 3 5
40,35,1E-06,6 1 2 4 3 5
41,35,1E-06,6 1 2 4 3 5
42,35,1E-06,6 1 2 4 3 5
43,35,1E-06,6 1 2 4 3 5
44,35,1E-06,6 1 2 4 3 5
45,35,1E-06,6 1 2 4 3 5
46,35,1E-06,6 1 2 4 3 5
47,35,1E-06,6 1 2 4 3 5
48,35,1E-06,6 1 2 4 3 5
49,35,1E-06,6 1 2 4 3 5
50,35,1E-06,6 1 2 4 3 5
51,35,1E-06,6 1 2 4 3 5
52,35,1E-06,6 1 2 4 3 5
53,35,1E-06,6 1 2 4 3 5
54,35,1E-06,6 1 2 4 3 5
55,35,1E-06,6 1 2 4 3 5
56,35,1E-06,6 1 2 4 3 5
57,35,1E-06,6 1 2 4 3 5
58,35,1E-06,6 1 2 4 3 5
59,35,1E-06,6 1 2 4 3 5
60,35,1E-06,6 1 2 4 3 5
61,35,1E-06,6 1 2 4 3 5
62,35,1E-06,6 1 2 4 3 5
63,35,1E-06,6 1 2 4 3 5
64,35,1E-06,6 1 2 4 3 5
65,35,1E-06,6 1 2 4 3 5
66,35,1E-06,6 1 2 4 3 5
67,35,1E-06,6 1 2 4 3 5
68,35,1E-06,6 1 2 4 3 5
69,35,1E-06,6 1 2 4 3 5
70,35,1E-06,6 1 2 4 3 5
71,35,1E-06,6 1 2 4 3 5
72,35,1E-06,6 1 2 4 3 5
73,35,1E-06,6 1 2 4 3 5
74,35,1E-06,6 1 2 4 3 5
75,35,1E-06,6 1 2 4 3 5
76,35,1E-06,6 1 2 4 3 5
77,35,1E-06,6 1 2 4 3 5
78,35,1E-06,6 1 2 4 3 5
79,35,1E-06,6 1 2 4 3 5
80,35,1E-06,6 1 2 4 3 5
81,35,1E-06,6 1 2 4 3 5
82,35,1E-06,6 1 2 4 3 5
83,35,1E-06,6 1 2 4 3 5
84,35,1E-06,6 1 2 4 3 5
85,35,1E-06,6 1 2 4 3 5
86,35,1E-06,6 1 2 4 3 5
87,35,1E-06,6 1 2 4 3 5
88,35,1E-06,6 1 2 4 3 5
89,35,1E-06,6 1 2 4 3 5
90,35,1E-06,6 1 2 4 3 5
91,35,1E-06,6 1 2 4 3 5
92,35,1E-06,6 1 2 4 3 5
93,35,1E-06,6 1 2 4 3 5
94,35,1E-06,6 1 2 4 3 5
95,35,1E-06,6 1 2 4 3 5
96,35,1E-06,6 1 2 4 3 5
97,35,1E-06,6 1 2 4 3 5
98,35,1E-06,6 1 2 4 3 5
99,35,1E-06,6 1 2 4 3 5
100,35,1E-06,6 1 2 4 3 5
101,35,1E-06,6 1 2 4 3 5
102,35,1E-06,6 1 2 4 3 5
103,35,1E-06,6 1 2 4 3 5
104,35,1E-06,6 1 2 4 3 5
105,35,1E-06,6 1 2 4 3 5
106,35,1E-06,6 1 2 4 3 5
107,35,1E-06,6 1 2 4 3 5
108,35,1E-06,6 1 2 4 3 5
109,35,1E-06,6 1 2 4 3 5
110,35,1E-06,6 1 2 4 3 5
111,35,1E-06,6 1 2 4 3 5
112,35,1E-06,6 1 2 4 3 5
113,35,1E-06,6 1 2 4 3 5
114,35,1E-06,6 1 2 4 3 5
115,35,1E-06,6 1 2 4 3 5
116,35,1E-06,6 1 2 4 3 5
117,35,1E-06,6 1 2 4 3 5
118,35,1E-06,6 1 2 4 3 5
119,35,1E-06,6 1 2 4 3 5
120,35,1E-06,6 1 2 4 3 5
121,35,1E-06,6 1 2 4 3 5
122,35,1E-06,6 1 2 4 3 5
123,35,1E-06,6 1 2 4 3 5
124,35,1E-06,6 1 2 4 3 5
125,35,1E-06,6 1 2 4 3 5
126,35,1E-06,6 1 2 4 3 5
127,35,1E-06,6 1 2 4 3 5
128,35,1E-06,6 1 2 4 3 5
129,35,1E-06,6 1 2 4 3 5
130,35,1E-06,6 1 2 4 3 5
131,35,1E-06,6 1 2 4 3 5
132,35,1E-06,6 1 2 4 3 5
133,35,1E-06,6 1 2 4 3 5
134,35,1E-06,6 1 2 4 3 5
135,35,1E-06,6 1 2 4 3 5
136,35,1E-06,6 1 2 4 3 5
137,35,1E-06,6 1 2 4 3 5
138,35,1E-06,6 1 2 4 3 5
139,35,1E-06,6 1 2 4 3 5
140,35,1E-06,6 1 2 4 3 5
141,35,1E-06,6 1 2 4 3 5
142,35,1E-06,6 1 2 4 3 5
143,35,1E-06,6 1 2 4 3 5
144,35,1E-06,6 1 2 4 3 5
145,35,1E-06,6 1 2 4 3 5
146,35,1E-06,6 1 2 4 3 5
147,35,1E-06,6 1 2 4 3 5
148,35,1E-06,6 1 2 4 3 5
149,35,1E-06,6 1 2 4 3 5
150,35,1E-06,6 1 2 4 3 5
151,35,1E-06,6 1 2 4 3 5
152,35,1E-06,6 1 2 4 3 5
153,35,1E-06,6 1 2 4 3 5
154,35,1E-06,6 1 2 4 3 5
155,35,1E-06,6 1 2 4 3 5
156,35,1E-06,6 1 2 4 3 5
157,35,1E-06,6 1 2 4 3 5
158,35,1E-06,6 1 2 4 3 5
159,35,1E-06,6 1 2 4 3 5
160,35,1E-06,6 1 2 4 3 5
161,35,1E-06,6 1 2 4 3 5
162,35,1E-06,6 1 2 4 3 5
163,35,1E-06,6 1 2 4 3 5
164,35,1E-06,6 1 2 4 3 5
165,35,1E-06,6 1 2 4 3 5
166,35,1E-06,6 1 2 4 3 5
167,35,1E-06,6 1 2 4 3 5
168,35,1E-06,6 1 2 4 3 5
169,35,1E-06,6 1 2 4 3 5
170,35,1E-06,6 1 2 4 3 5
171,35,1E-06,6 1 2 4 3 5
172,35,1E-06,6 1 2 4 3 5
173,35,1E-06,6 1 2 4 3 5
174,35,1E-06,6 1 2 4 3 5
175,35,1E-06,6 1 2 4 3 5
176,35,1E-06,6 1 2 4 3 5
177,35,1E-06,6 1 2 4 3 5
178,35,1E-06,6 1 2 4 3 5
179,35,1E-06,6 1 2 4 3 5
180,35,1E-06,6 1 2 4 3 5
181,35,1E-06,6 1 2 4 3 5
182,35,1E-06,6 1 2 4 3 5
183,35,1E-06,6 1 2 4 3 5
184,35,1E-06,6 1 2 4 3 5
185,35,1E-06,6 1 2 4 3 5
186,35,1E-06,6 1 2 4 3 5
187,35,1E-06,6 1 2 4 3 5
188,35,1E-06,6 1 2 4 3 5
189,35,1E-06,6 1 2 4 3 5
190,35,1E-06,6 1 2 4 3 5
191,35,1E-06,6 1 2 4 3 5
192,35,1E-06,6 1 2 4 3 5
193,35,1E-06,6 1 2 4 3 5
194,35,1E-06,6 1 2 4 3 5
195,35,1E-06,6 1 2 4 3 5
196,35,1E-06,6 1 2 4 3 5
197,35,1E-06,6 1 2 4 3 5
198,35,1E-06,6 1 2 4 3 5
199,35,1E-06,6 1 2 4 3 5
200,35,1E-06,6 1 2 4 3 5
201,35,1E-06,6 1 2 4 3 5
202,35,1E-06,6 1 2 4 3 5
203,35,1E-06,6 1 2 4 3 5
204,35,1E-06,6 1 2 4 3 5
205,35,1E-06,6 1 2 4 3 5
206,35,1E-06,6 1 2 4 3 5
207,35,1E-06,6 1 2 4 3 5
208,35,1E-06,6 1 2 4 3 5
209,35,1E-06,6 1 2 4 3 5
210,35,1E-06,6 1 2 4 3 5
211,35,1E-06,6 1 2 4 3 5
212,35,1E-06,6 1 2 4 3 5
213,35,1E-06,6 1 2 4 3 5
214,35,1E-06,6 1 2 4 3 5
215,35,1E-06,6 1 2 4 3 5
216,35,1E-06,6 1 2 4 3 5
217,35,1E-06,6 1 2 4 3 5
218,35,1E-06,6 1 2 4 3 5
219,35,1E-06,6 1 2 4 3 5
220,35,1E-06,6 1 2 4 3 5
221,35,1E-06,6 1 2 4 3 5
222,35,1E-06,6 1 2 4 3 5
223,35,1E-06,6 1 2 4 3 5
224,35,1E-06,6 1 2 4 3 5
225,35,1E-06,6 1 2 4 3 5
226,35,1E-06,6 1 2 4 3 5
227,35,1E-06,6 1 2 4 3 5
228,35,1E-06,6 1 2 4 3 5
229,35,1E-06,6 1 2 4 3 5
230,35,1E-06,6 1 2 4 3 5
231,35,1E-06,6 1 2 4 3 5
232,35,1E-06,6 1 2 4 3 5
233,35,1E-06,6 1 2 4 3 5
234,35,1E-06,6 1 2 4 3 5
235,35,1E-06,6 1 2 4 3 5
236,35,1E-06,6 1 2 4 3 5
237,35,1E-06,6 1 2 4 3 5
238,35,1E-06,6 1 2 4 3 5
239,35,1E-06,6 1 2 4 3 5
240,35,1E-06,6 1 2 4 3 5
241,35,1E-06,6 1 2 4 3 5
242,35,1E-06,6 1 2 4 3 5
243,35,1E-06,6 1 2 4 3 5
244,35,1E-06,6 1 2 4 3 5
245,35,1E-06,6 1 2 4 3 5
246,35,1E-06,6 1 2 4 3 5
247,35,1E-06,6 1 2 4 3 5
248,35,1E-06,6 1 2 4 3 5
249,35,1E-06,6 1 2 4 3 5
250,35,1E-06,6 1 2 4 3 5
251,35,1E-06,6 1 2 4 3 5
252,35,1E-06,6 1 2 4 3 5
253,35,1E-06,6 1 2 4 3 5
254,35,1E-06,6 1 2 4 3 5
255,35,1E-06,6 1 2 4 3 5
256,35,1E-06,6 1 2 4 3 5
257,35,1E-06,6 1 2 4 3 5
258,35,1E-06,6 1 2 4 3 5
259,35,1E-06,6 1 2 4 3 5
260,35,1E-06,6 1 2 4 3 5
261,35,1E-06,6 1 2 4 3 5
262,35,1E-06,6 1 2 4 3 5
263,35,1E-06,6 1 2 4 3 5
264,35,1E-06,6 1 2 4 3 5
265,35,1E-06,6 1 2 4 3 5
266,35,1E-06,6 1 2 4 3 5
267,35,1E-06,6 1 2 4 3 5
268,35,1E-06,6 1 2 4 3 5
269,35,1E-06,6 1 2 4 3 5
270,35,1E-06,6 1 2 4 3 5
271,35,1E-06,6 1 2 4 3 5
272,35,1E-06,6 1 2 4 3 5
273,35,1E-06,6 1 2 4 3 5
274,35,1E-06,6 1 2 4 3 5
275,35,1E-06,6 1 2 4 3 5
276,35,1E-06,6 1 2 4 3 5
277,35,1E-06,6 1 2 4 3 5
278,35,1E-06,6 1 2 4 3 5
279,35,1E-06,6 1 2 4 3 5
280,35,1E-06,6 1 2 4 3 5
281,35,1E-06,6 1 2 4 3 5
282,35,1E-06,6 1 2 4 3 5
283,35,1E-06,6 1 2 4 3 5
284,35,1E-06,6 1 2 4 3 5
285,35,1E-06,6 1 2 4 3 5
286,35,1E-06,6 1 2 4 3 5
287,35,1E-06,6 1 2 4 3 5
288,35,1E-06,6 1 2 4 3 5
289,35,1E-06,6 1 2 4 3 5
290,35,1E-06,6 1 2 4 3 5
291,35,1E-06,6 1 2 4 3 5
292,35,1E-06,6 1 2 4 3 5
293,35,1E-06,6 1 2 4 3 5
294,35,1E-06,6 1 2 4 3 5
295,35,1E-06,6 1 2 4 3 5
296,35,1E-06,6 1 2 4 3 5
297,35,1E-06,6 1 2 4 3 5
298,35,1E-06,6 1 2 4 3 5
299,35,1E-06,6 1 2 4 3 5
300,35,1E-06,6 1 2 4 3 5
301,35,1E-06,6 1 2 4 3 5
302,35,1E-06,6 1 2 4 3 5
303,35,1E-06,6 1 2 4 3 5
304,35,1E-06,6 1 2 4 3 5
305,35,1E-06,6 1 2 4 3 5
306,35,1E-06,6 1 2 4 3 5
307,35,1E-06,6 1 2 4 3 5
308,35,1E-06,6 1 2 4 3 5
309,35,1E-06,6 1 2 4 3 5
310,35,1E-06,6 1 2 4 3 5
311,35,1E-06,6 1 2 4 3 5
312,35,1E-06,6 1 2 4 3 5
313,35,1E-06,6 1 2 4 3 5
314,35,1E-06,6 1 2 4 3 5
315,35,1E-06,6 1 2 4 3 5
316,35,1E-06,6 1 2 4 3 5
317,35,1E-06,6 1 2 4 3 5
318,35,1E-06,6 1 2 4 3 5
319,35,1E-06,6 1 2 4 3 5
320,35,1E-06,6 1 2 4 3 5
321,35,1E-06,6 1 2 4 3 5
322,35,1E-06,6 1 2 4 3 5
323,35,1E-06,6 1 2 4 3 5
324,35,1E-06,6 1 2 4 3 5
325,35,1E-06,6 1 2 4 3 5
326,35,1E-06,6 1 2 4 3 5
327,35,1E-06,6 1 2 4 3 5
328,35,1E-06,6 1 2 4 3 5
329,35,1E-06,6 1 2 4 3 5
330,35,1E-06,6 1 2 4 3 5
331,35,1E-06,6 1 2 4 3 5
332,35,1E-06,6 1 2 4 3 5
333,35,1E-06,6 1 2 4 3 5
334,35,1E-06,6 1 2 4 3 5
335,35,1E-06,6 1 2 4 3 5
336,35,1E-06,6 1 2 4 3 5
337,35,1E-06,6 1 2 4 3 5
338,35,1E-06,6 1 2 4 3 5
339,35,1E-06,6 1 2 4 3 5
340,35,1E-06,6 1 2 4 3 5
341,35,1E-06,6 1 2 4 3 5
342,35,1E-06,6 1 2 4 3 5
343,35,1E-06,6 1 2 4 3 5
344,35,1E-06,6 1 2 4 3 5
345,35,1E-06,6 1 2 4 3 5
346,35,1E-06,6 1 2 4 3 5
347,35,1E-06,6 1 2 4 3 5
348,35,1E-06,6 1 2 4 3 5
349,35,1E-06,6 1 2 4 3 5
350,35,1E-06,6 1 2 4 3 5
351,35,1E-06,6 1 2 4 3 5
352,35,1E-06,6 1 2 4 3 5
353,35,1E-06,6 1 2 4 3 5
354,35,1E-06,6 1 2 4 3 5
355,35,1E-06,6 1 2 4 3 5
356,35,1E-06,6 1 2 4 3 5
357,35,1E-06,6 1 2 4 3 5
358,35,1E-06,6 1 2 4 3 5
359,35,1E-06,6 1 2 4 3 5
360,35,1E-06,6 1 2 4 3 5
361,35,1E-06,6 1 2 4 3 5
362,35,1E-06,6 1 2 4 3 5
363,35,1E-06,6 1 2 4 3 5
364,35,1E-06,6 1 2 4 3 5
365,35,1E-06,6 1 2 4 3 5
366,35,1E-06,6 1 2 4 3 5
367,35,1E-06,6 1 2 4 3 5
368,35,1E-06,6 1 2 4 3 5
369,35,1E-06,6 1 2 4 3 5
370,35,1E-06,6 1 2 4 3 5
371,35,1E-06,6 1 2 4 3 5
372,35,1E-06,6 1 2 4 3 5
373,35,1E-06,6 1 2 4 3 5
374,35,1E-06,6 1 2 4 3 5
375,35,1E-06,6 1 2 4 3 5
376,35,1E-06,6 1 2 4 3 5
377,35,1E-06,6 1 2 4 3 5
378,35,1E-06,6 1 2 4 3 5
379,35,1E-06,6 1 2 4 3 5
380,35,1E-06,6 1 2 4 3 5
381,35,1E-06,6 1 2 4 3 5
382,35,1E-06,6 1 2 4 3 5
383,35,1E-06,6 1 2 4 3 5
384,35,1E-06,6 1 2 4 3 5
385,35,1E-06,6 1 2 4 3 5
386,35,1E-06,6 1 2 4 3 5
387,35,1E-06,6 1 2 4 3 5
388,35,1E-06,6 1 2 4 3 5
389,35,1E-06,6 1 2 4 3 5
390,35,1E-06,6 1 2 4 3 5
391,35,1E-06,6 1 2 4 3 5
392,35,1E-06,6 1 2 4 3 5
393,35,1E-06,6 1 2 4 3 5
394,35,1E-06,6 1 2 4 3 5
395,35,1E-06,6 1 2 4 3 5
396,35,1E-06,6 1 2 4 3 5
397,35,1E-06,6 1 2 4 3 5
398,35,1E-06,6 1 2 4 3 5
399,35,1E-06,6 1 2 4 3 5
400,35,1E-06,6 1 2 4 3 5
401,35,1E-06,6 1 2 4 3 5
402,35,1E-06,6 1 2 4 3 5
403,35,1E-06,6 1 2 4 3 5
404,35,1E-06,6 1 2 4 3 5
405,35,1E-06,6 1 2 4 3 5
406,35,1E-06,6 1 2 4 3 5
407,35,1E-06,6 1 2 4 3 5
408,35,1E-06,6 1 2 4 3 5
409,35,1E-06,6 1 2 4 3 5
410,35,1E-06,6 1 2 4 3 5
411,35,1E-06,6 1 2 4 3 5
412,35,1E-06,6 1 2 4 3 5
413,35,1E-06,6 1 2 4 3 5
414,35,1E-06,6 1 2 4 3 5
415,35,1E-06,6 1 2 4 3 5
416,35,1E-06,6 1 2 4 3 5
417,35,1E-06,6 1 2 4 3 5
418,35,1E-06,6 1 2 4 3 5
419,35,1E-06,6 1 2 4 3 5
420,35,1E-06,6 1 2 4 3 5
421,35,1E-06,6 1 2 4 3 5
422,35,1E-06,6 1 2 4 3 5
423,35,1E-06,6 1 2 4 3 5
424,35,1E-06,6 1 2 4 3 5
425,35,1E-06,6 1 2 4 3 5
426,35,1E-06,6 1 2 4 3 5
427,35,1E-06,6 1 2 4 3 5
428,35,1E-06,6 1 2 4 3 5
429,35,1E-06,6 1 2 4 3 5
430,35,1E-06,6 1 2 4 3 5
431,35,1E-06,6 1 2 4 3 5
432,35,1E-06,6 1 2 4 3 5
433,35,1E-06,6 1 2 4 3 5
434,35,1E-06,6 1 2 4 3 5
435,35,1E-06,6 1 2 4 3 5
436,35,1E-06,6 1 2 4 3 5
437,35,1E-06,6 1 2 4 3 5
438,35,1E-06,6 1 2 4 3 5
439,35,1E-06,6 1 2 4 3 5
440,35,1E-06,6 1 2 4 3 5
441,35,1E-06,6 1 2 4 3 5
442,35,1E-06,6 1 2 4 3 5
443,35,1E-06,6 1 2 4 3 5
444,35,1E-06,6 1 2 4 3 5
445,35,1E-06,6 1 2 4 3 5
446,35,1E-06,6 1 2 4 3 5
447,35,1E-06,6 1 2 4 3 5
448,35,1E-06,6 1 2 4 3 5
449,35,1E-06,6 1 2 4 3 5
450,35,1E-06,6 1 2 4 3 5
451,35,1E-06,6 1 2 4 3 5
452,35,1E-06,6 1 2 4 3 5
453,35,1E-06,6 1 2 4 3 5
454,35,1E-06,6 1 2 4 3 5
455,35,1E-06,6 1 2 4 3 5
456,35,1E-06,6 1 2 4 3 5
457,35,1E-06,6 1 2 4 3 5
458,35,1E-06,6 1 2 4 3 5
459,35,1E-06,6 1 2 4 3 5
460,35,1E-06,6 1 2 4 3 5
461,35,1E-06,6 1 2 4 3 5
462,35,1E-06,6 1 2 4 3 5
463,35,1E-06,6 1 2 4 3 5
464,35,1E-06,6 1 2 4 3 5
465,35,1E-06,6 1 2 4 3 5
466,35,1E-06,6 1 2 4 3 5
467,35,1E-06,6 1 2 4 3 5
468,35,1E-06,6 1 2 4 3 5
469,35,1E-06,6 1 2 4 3 5
470,35,1E-06,6 1 2 4 3 5
471,35,1E-06,6 1 2 4 3 5
472,35,1E-06,6 1 2 4 3 5
473,35,1E-06,6 1 2 4 3 5
474,35,1E-06,6 1 2 4 3 5
475,35,1E-06,6 1 2 4 3 5
476,35,1E-06,6 1 2 4 3 5
477,35,1E-06,6 1 2 4 3 5
478,35,1E-06,6 1 2 4 3 5
479,35,1E-06,6 1 2 4 3 5
480,35,1E-06,6 1 2 4 3 5
481,35,1E-06,6 1 2 4 3 5
482,35,1E-06,6 1 2 4 3 5
483,35,1E-06,6 1 2 4 3 5
484,35,1E-06,6 1 2 4 3 5
485,35,1E-06,6 1 2 4 3 5
486,35,1E-06,6 1 2 4 3 5
487,35,1E-06,6 1 2 4 3 5
488,35,1E-06,6 1 2 4 3 5
489,35,1E-06,6 1 2 4 3 5
490,35,1E-06,6 1 2 4 3 5
491,35,1E-06,6 1 2 4 3 5
492,35,1E-06,6 1 2 4 3 5
493,35,1E-06,6 1 2 4 3 5
494,35,1E-06,6 1 2 4 3 5
495,35,1E-06,6 1 2 4 3 5
496,35,1E-06,6 1 2 4 3 5
497,35,1E-06,6 1 2 4 3 5
498,35,1E-06,6 1 2 4 3 5
499,35,1E-06,6 1 2 4 3 5
500,35,1E-06,6 1 2 4 3 5
501,35,1E-06,6 1 2 4 3 5
502,35,1E-06,6 1 2 4 3 5
503,35,1E-06,6 1 2 4 3 5
504,35,1E-06,6 1 2 4 3 5
505,35,1E-06,6 1 2 4 3 5
506,35,1E-06,6 1 2 4 3 5
507,35,1E-06,6 1 2 4 3 5
508,35,1E-06,6 1 2 4 3 5
509,35,1E-06,6 1 2 4 3 5
510,35,1E-06,6 1 2 4 3 5
511,35,1E-06,6 1 2 4 3 5
512,35,1E-06,6 1 2 4 3 5
513,35,1E-06,6 1 2 4 3 5
514,35,1E-06,6 1 2 4 3 5
515,35,1E-06,6 1 2 4 3 5
516,35,1E-06,6 1 2 4 3 5
517,35,1E-06,6 1 2 4 3 5
518,35,1E-06,6 1 2 4 3 5
519,35,1E-06,6 1 2 4 3 5
520,35,1E-06,6 1 2 4 3 5
521,35,1E-06,6 1 2 4 3 5
522,35,1E-06,6 1 2 4 3 5
523,35,1E-06,6 1 2 4 3 5
524,35,1E-06,6 1 2 4 3 5
525,35,1E-06,6 1 2 4 3 5
526,35,1E-06,6 1 2 4 3 5
527,35,1E-06,6 1 2 4 3 5
528,35,1E-06,6 1 2 4 3 5
529,35,1E-06,6 1 2 4 3 5
530,35,1E-06,6 1 2 4 3 5
531,35,1E-06,6 1 2 4 3 5
532,35,1E-06,6 1 2 4 3 5
533,35,1E-06,6 1 2 4 3 5
534,35,1E-06,6 1 2 4 3 5
535,35,1E-06,6 1 2 4 3 5
536,35,1E-06,6 1 2 4 3 5
537,35,1E-06,6 1 2 4 3 5
538,35,1E-06,6 1 2 4 3 5
539,35,1E-06,6 1 2 4 3 5
540,35,1E-06,6 1 2 4 3 5
541,35,1E-06,6 1 2 4 3 5
542,35,1E-06,6 1 2 4 3 5
543,35,1E-06,6 1 2 4 3 5
544,35,1E-06,6 1 2 4 3 5
545,35,1E-06,6 1 2 4 3 5
546,35,1E-06,6 1 2 4 3 5
547,35,1E-06,6 1 2 4 3 5
548,35,1E-06,6 1 2 4 3 5
549,35,1E-06,6 1 2 4 3 5
550,35,1E-06,6 1 2 4 3 5
551,35,1E-06,6 1 2 4 3 5
552,35,1E-06,6 1 2 4 3 5
553,35,1E-06,6 1 2 4 3 5
554,35,1E-06,6 1 2 4 3 5
555,35,1E-06,6 1 2 4 3 5
556,35,1E-06,6 1 2 4 3 5
557,35,1E-06,6 1 2 4 3 5
558,35,1E-06,6 1 2 4 3 5
559,35,1E-06,6 1 2 4 3 5
560,35,1E-06,6 1 2 4 3 5
561,35,1E-06,6 1 2 4 3 5
562,35,1E-06,6 1 2 4 3 5
563,35,1E-06,6 1 2 4 3 5
564,35,1E-06,6 1 2 4 3 5
565,35,1E-06,6 1 2 4 3 5
566,35,1E-06,6 1 2 4 3 5
567,35,1E-06,6 1 2 4 3 5
568,35,1E-06,6 1 2 4 3 5
569,35,1E-06,6 1 2 4 3 5
570,35,1E-06,6 1 2 4 3 5
571,35,1E-06,6 1 2 4 3 5
572,35,1E-06,6 1 2 4 3 5
573,35,1E-06,6 1 2 4 3 5
574,35,1E-06,6 1 2 4 3 5
575,35,1E-06,6 1 2 4 3 5
576,35,1E-06,6 1 2 4 3 5
577,35,1E-06,6 1 2 4 3 5
578,35,1E-06,6 1 2 4 3 5
579,35,1E-06,6 1 2 4 3 5
580,35,1E-06,6 1 2 4 3 5
581,35,1E-06,6 1 2 4 3 5
582,35,1E-06,6 1 2 4 3 5
583,35,1E-06,6 1 2 4 3 5
584,35,1E-06,6 1 2 4 3 5
585,35,1E-06,6 1 2 4 3 5
586,35,1E-06,6 1 2 4 3 5
587,35,1E-06,6 1 2 4 3 5
588,35,1E-06,6 1 2 4 3 5
589,35,1E-06,6 1 2 4 3 5
590,35,1E-06,6 1 2 4 3 5
591,35,1E-06,6 1 2 4 3 5
592,35,1E-06,6 1 2 4 3 5
593,35,1E-06,6 1 2 4 3 5
594,35,1E-06,6 1 2 4 3 5
595,35,1E-06,6 1 2 4 3 5
596,35,1E-06,6 1 2 4 3 5
597,35,1E-06,6 1 2 4 3 5
598,35,1E-06,6 1 2 4 3 5
599,35,1E-06,6 1 2 4 3 5
600,35,1E-06,6 1 2 4 3 5
601,35,1E-06,6 1 2 4 3 5
602,35,1E-06,6 1 2 4 3 5
603,35,1E-06,6 1 2 4 3 5
604,35,1E-06,6 1 2 4 3 5
605,35,1E-06,6 1 2 4 3 5
606,35,1E-06,6 1 2 4 3 5
607,35,1E-06,6 1 2 4 3 5
608,35,1E-06,6 1 2 4 3 5
609,35,1E-06,6 1 2 4 3 5
610,35,1E-06,6 1 2 4 3 5
611,35,1E-06,6 1 2 4 3 5
612,35,1E-06,6 1 2 4 3 5
613,35,1E-06,6 1 2 4 3 5
614,35,1E-06,6 1 2 4 3 5
615,35,1E-06,6 1 2 4 3 5
616,35,1E-06,6 1 2 4 3 5
617,35,1E-06,6 1 2 4 3 5
618,35,1E-06,6 1 2 4 3 5
619,35,1E-06,6 1 2 4 3 5
620,35,1E-06,6 1 2 4 3 5
621,35,1E-06,6 1 2 4 3 5
622,35,1E-06,6 1 2 4 3 5
623,35,1E-06,6 1 2 4 3 5
624,35,1E-06,6 1 2 4 3 5
625,35,1E-06,6 1 2 4 3 5
626,35,1E-06,6 1 2 4 3 5
627,35,1E-06,6 1 2 4 3 5
628,35,1E-06,6 1 2 4 3 5
629,35,1E-06,6 1 2 4 3 5
630,35,1E-06,6 1 2 4 3 5
631,35,1E-06,6 1 2 4 3 5
632,35,1E-06,6 1 2 4 3 5
633,35,1E-06,6 1 2 4 3 5
634,35,1E-06,6 1 2 4 3 5
635,35,1E-06,6 1 2 4 3 5
636,35,1E-06,6 1 2 4 3 5
637,35,1E-06,6 1 2 4 3 5
638,35,1E-06,6 1 2 4 3 5
639,35,1E-06,6 1 2 4 3 5
640,35,1E-06,6 1 2 4 3 5
641,35,1E-06,6 1 2 4 3 5
642,35,1E-06,6 1 2 4 3 5
643,35,1E-06,6 1 2 4 3 5
644,35,1E-06,6 1 2 4 3 5
645,35,1E-06,6 1 2 4 3 5
646,35,1E-06,6 1 2 4 3 5
647,35,1E-06,6 1 2 4 3 5
648,35,1E-06,6 1 2 4 3 5
649,35,1E-06,6 1 2 4 3 5
650,35,1E-06,6 1 2 4 3 5
651,35,1E-06,6 1 2 4 3 5
652,35,1E-06,6 1 2 4 3 5
653,35,1E-06,6 1 2 4 3 5
654,35,1E-06,6 1 2 4 3 5
655,35,1E-06,6 1 2 4 3 5
656,35,1E-06,6 1 2 4 3 5
657,35,1E-06,6 1 2 4 3 5
658,35,1E-06,6 1 2 4 3 5
659,35,1E-06,6 1 2 4 3 5
660,35,1E-06,6 1 2 4 3 5
661,35,1E-06,6 1 2 4 3 5
662,35,1E-06,6 1 2 4 3 5
663,35,1E-06,6 1 2 4 3 5
664,35,1E-06,6 1 2 4 3 5
665,35,1E-06,6 1 2 4 3 5
666,35,1E-06,6 1 2 4 3 5
667,35,1E-06,6 1 2 4 3 5
668,35,1E-06,6 1 2 4 3 5
669,35,1E-06,6 1 2 4 3 5
670,35,1E-06,6 1 2 4 3 5
671,35,1E-06,6 1 2 4 3 5
672,35,1E-06,6 1 2 4 3 5
673,35,1E-06,6 1 2 4 3 5
674,35,1E-06,6 1 2 4 3 5
675,35,1E-06,6 1 2 4 3 5
676,35,1E-06,6 1 2 4 3 5
677,35,1E-06,6 1 2 4 3 5
678,35,1E-06,6 1 2 4 3 5
679,35,1E-06,6 1 2 4 3 5
680,35,1E-06,6 1 2 4 3 5
681,35,1E-06,6 1 2 4 3 5
682,35,1E-06,6 1 2 4 3 5
683,35,1E-06,6 1 2 4 3 5
684,35,1E-06,6 1 2 4 3 5
685,35,1E-06,6 1 2 4 3 5
686,35,1E-06,6 1 2 4 3 5
687,35,1E-06,6 1 2 4 3 5
688,35,1E-06,6 1 2 4 3 5
689,35,1E-06,6 1 2 4 3 5
690,35,1E-06,6 1 2 4 3 5
691,35,1E-06,6 1 2 4 3 5
692,35,1E-06,6 1 2 4 3 5
693,35,1E-06,6 1 2 4 3 5
694,35,1E-06,6 1 2 4 3 5
695,35,1E-06,6 1 2 4 3 5
696,35,1E-06,6 1 2 4 3 5
697,35,1E-06,6 1 2 4 3 5
698,35,1E-06,6 1 2 4 3 5
699,35,1E-06,6 1 2 4 3 5
700,35,1E-06,6 1 2 4 3 5
701,35,1E-06,6 1 2 4 3 5
702,35,1E-06,6 1 2 4 3 5
703,35,1E-06,6 1 2 4 3 5
704,35,1E-06,6 1 2 4 3 5
705,35,1E-06,6 1 2 4 3 5
706,35,1E-06,6 1 2 4 3 5
707,35,1E-06,6 1 2 4 3 5
708,35,1E-06,6 1 2 4 3 5
709,35,1E-06,6 1 2 4 3 5
710,35,1E-06,6 1 2 4 3 5
711,35,1E-06,6 1 2 4 3 5
712,35,1E-06,6 1 2 4 3 5
713,35,1E-06,6 1 2 4 3 5
714,35,1E-06,6 1 2 4 3 5
715,35,1E-06,6 1 2 4 3 5
716,35,1E-06,6 1 2 4 3 5
717,35,1E-06,6 1 2 4 3 5
718,35,1E-06,6 1 2 4 3 5
719,35,1E-06,6 1 2 4 3 5
720,35,1E-06,6 1 2 4 3 5
721,35,1E-06,6 1 2 4 3 5
722,35,1E-06,6 1 2 4 3 5
723,35,1E-06,6 1 2 4 3 5
724,35,1E-06,6 1 2 4 3 5
725,35,1E-06,6 1 2 4 3 5
726,35,1E-06,6 1 2 4 3 5
727,35,1E-06,6 1 2 4 3 5
728,35,1E-06,6 1 2 4 3 5
729,35,1E-06,6 1 2 4 3 5
730,35,1E-06,6 1 2 4 3 5
731,35,1E-06,6 1 2 4 3 5
732,35,1E-06,6 1 2 4 3 5
733,35,1E-06,6 1 2 4 3 5
734,35,1E-06,6 1 2 4 3 5
735,35,1E-06,6 1 2 4 3 5
736,35,1E-06,6 1 2 4 3 5
737,35,1E-06,6 1 2 4 3 5
738,35,1E-06,6 1 2 4 3 5
739,35,1E-06,6 1 2 4 3 5
740,35,1E-06,6 1 2 4 3 5
741,35,1E-06,6 1 2 4 3 5
742,35,1E-06,6 1 2 4 3 5
743,35,1E-06,6 1 2 4 3 5
744,35,1E-06,6 1 2 4 3 5
745,35,1E-06,6 1 2 4 3 5
746,35,1E-06,6 1 2 4 3 5
747,35,1E-06,6 1 2 4 3 5
748,35,1E-06,6 1 2 4 3 5
749,35,1E-06,6 1 2 4 3 5
750,35,1E-06,6 1 2 4 3 5
751,35,1E-06,6 1 2 4 3 5
752,35,1E-06,6 1 2 4 3 5
753,35,1E-06,6 1 2 4 3 5
754,35,1E-06,6 1 2 4 3 5
755,35,1E-06,6 1 2 4 3 5
756,35,1E-06,6 1 2 4 3 5
757,35,1E-06,6 1 2 4 3 5
758,35,1E-06,6 1 2 4 3 5
759,35,1E-06,6 1 2 4 3 5
760,35,1E-06,6 1 2 4 3 5
761,35,1E-06,6 1 2 4 3 5
762,35,1E-06,6 1 2 4 3 5
763,35,1E-06,6 1 2 4 3 5
764,35,1E-06,6 1 2 4 3 5
765,35,1E-06,6 1 2 4 3 5
766,35,1E-06,6 1 2 4 3 5
767,35,1E-06,6 1 2 4 3 5
768,35,1E-06,6 1 2 4 3 5
769,35,1E-06,6 1 2 4 3 5
770,35,1E-06,6 1 2 4 3 5
771,35,1E-06,6 1 2 4 3 5
772,35,1E-06,6 1 2 4 3 5
773,35,1E-06,6 1 2 4 3 5
774,35,1E-06,6 1 2 4 3 5
775,35,1E-06,6 1 2 4 3 5
776,35,1E-06,6 1 2 4 3 5
777,35,1E-06,6 1 2 4 3 5
778,35,1E-06,6 1 2 4 3 5
779,35,1E-06,6 1 2 4 3 5
780,35,1E-06,6 1 2 4 3 5
781,35,1E-06,6 1 2 4 3 5
782,35,1E-06,6 1 2 4 3 5
783,35,1E-06,6 1 2 4 3 5
784,35,1E-06,6 1 2 4 3 5
785,35,1E-06,6 1 2 4 3 5
786,35,1E-06,6 1 2 4 3 5
787,35,1E-06,6 1 2 4 3 5
788,35,1E-06,6 1 2 4 3 5
789,35,1E-06,6 1 2 4 3 5
790,35,1E-06,6 1 2 4 3 5
791,35,1E-06,6 1 2 4 3 5
792,35,1E-06,6 1 2 4 3 5
793,35,1E-06,6 1 2 4 3 5
794,35,1E-06,6 1 2 4 3 5
795,35,1E-06,6 1 2 4 3 5
796,35,1E-06,6 1 2 4 3 5
797,35,1E-06,6 1 2 4 3 5
798,35,1E-06,6 1 2 4 3 5
799,35,1E-06,6 1 2 4 3 5
800,35,1E-06,6 1 2 4 3 5
801,35,1E-06,6 1 2 4 3 5
802,35,1E-06,6 1 2 4 3 5
803,35,1E-06,6 1 2 4 3 5
804,35,1E-06,6 1 2 4 3 5
805,35,1E-06,6 1 2 4 3 5
806,35,1E-06,6 1 2 4 3 5
807,35,1E-06,6 1 2 4 3 5
808,35,1E-06,6 1 2 4 3 5
809,35,1E-06,6 1 2 4 3 5
810,35,1E-06,6 1 2 4 3 5
811,35,1E-06,6 1 2 4 3 5
812,35,1E-06,6 1 2 4 3 5
813,35,1E-06,6 1 2 4 3 5
814,35,1E-06,6 1 2 4 3 5
815,35,1E-06,6 1 2 4 3 5
816,35,1E-06,6 1 2 4 3 5
817,35,1E-06,6 1 2 4 3 5
818,35,1E-06,6 1 2 4 3 5
819,35,1E-06,6 1 2 4 3 5
820,35,1E-06,6 1 2 4 3 5
821,35,1E-06,6 1 2 4 3 5
822,35,1E-06,6 1 2 4 3 5
823,35,1E-06,6 1 2 4 3 5
824,35,1E-06,6 1 2 4 3 5
825,35,1E-06,6 1 2 4 3 5
826,35,1E-06,6 1 2 4 3 5
827,35,1E-06,6 1 2 4 3 5
828,35,1E-06,6 1 2 4 3 5
829,35,1E-06,6 1 2 4 3 5
830,35,1E-06,6 1 2 4 3 5
831,35,1E-06,6 1 2 4 3 5
832,35,1E-06,6 1 2 4 3 5
833,35,1E-06,6 1 2 4 3 5
834,35,1E-06,6 1 2 4 3 5
835,35,1E-06,6 1 2 4 3 5
836,35,1E-06,6 1 2 4 3 5
837,35,1E-06,6 1 2 4 3 5
838,35,1E-06,6 1 2 4 3 5
839,35,1E-06,6 1 2 4 3 5
840,35,1E-06,6 1 2 4 3 5
841,35,1E-06,6 1 2 4 3 5
842,35,1E-06,6 1 2 4 3 5
843,35,1E-06,6 1 2 4 3 5
844,35,1E-06,6 1 2 4 3 5
845,35,1E-06,6 1 2 4 3 5
846,35,1E-06,6 1 2 4 3 5
847,35,1E-06,6 1 2 4 3 5
848,35,1E-06,6 1 2 4 3 5
849,35,1E-06,6 1 2 4 3 5
850,35,1E-06,6 1 2 4 3 5
851,35,1E-06,6 1 2 4 3 5
852,35,1E-06,6 1 2 4 3 5
853,35,1E-06,6 1 2 4 3 5
854,35,1E-06,6 1 2 4 3 5
855,35,1E-06,6 1 2 4 3 5
856,35,1E-06,6 1 2 4 3 5
857,35,1E-06,6 1 2 4 3 5
858,35,1E-06,6 1 2 4 3 5
859,35,1E-06,6 1 2 4 3 5
860,35,1E-06,6 1 2 4 3 5
861,35,1E-06,6 1 2 4 3 5
862,35,1E-06,6 1 2 4 3 5
863,35,1E-06,6 1 2 4 3 5
864,35,1E-06,6 1 2 4 3 5
865,35,1E-06,6 1 2 4 3 5
866,35,1E-06,6 1 2 4 3 5
867,35,1E-06,6 1 2 4 3 5
868,35,1E-06,6 1 2 4 3 5
869,35,1E-06,6 1 2 4 3 5
870,35,1E-06,6 1 2 4 3 5
871,35,1E-06,6 1 2 4 3 5
872,35,1E-06,6 1 2 4 3 5
873,35,1E-06,6 1 2 4 3 5
874,35,1E-06,6 1 2 4 3 5
875,35,1E-06,6 1 2 4 3 5
876,35,1E-06,6 1 2 4 3 5
877,35,1E-06,6 1 2 4 3 5
878,35,1E-06,6 1 2 4 3 5
879,35,1E-06,6 1 2 4 3 5
880,35,1E-06,6 1 2 4 3 5
881,35,1E-06,6 1 2 4 3 5
882,35,1E-06,6 1 2 4 3 5
883,35,1E-06,6 1 2 4 3 5
884,35,1E-06,6 1 2 4 3 5
885,35,1E-06,6 1 2 4 3 5
886,35,1E-06,6 1 2 4 3 5
887,35,1E-06,6 1 2 4 3 5
888,35,1E-06,6 1 2 4 3 5
889,35,1E-06,6 1 2 4 3 5
890,35,1E-06,6 1 2 4 3 5
891,35,1E-06,6 1 2 4 3 5
892,35,1E-06,6 1 2 4 3 5
893,35,1E-06,6 1 2 4 3 5
894,35,1E-06,6 1 2 4 3 5
895,35,1E-06,6 1 2 4 3 5
896,35,1E-06,6 1 2 4 3 5
897,35,1E-06,6 1 2 4 3 5
898,35,1E-06,6 1 2 4 3 5
899,35,1E-06,6 1 2 4 3 5
900,35,1E-06,6 1 2 4 3 5
901,35,1E-06,6 1 2 4 3 5
902,35,1E-06,6 1 2 4 3 5
903,35,1E-06,6 1 2 4 3 5
904,35,1E-06,6 1 2 4 3 5
905,35,1E-06,6 1 2 4 3 5
906,35,1E-06,6 1 2 4 3 5
907,35,1E-06,6 1 2 4 3 5
908,35,1E-06,6 1 2 4 3 5
909,35,1E-06,6 1 2 4 3 5
910,35,1E-06,6 1 2 4 3 5
911,35,1E-06,6 1 2 4 3 5
912,35,1E-06,6 1 2 4 3 5
913,35,1E-06,6 1 2 4 3 5
914,35,1E-06,6 1 2 4 3 5
915,35,1E-06,6 1 2 4 3 5
916,35,1E-06,6 1 2 4 3 5
917,35,1E-06,6 1 2 4 3 5
918,35,1E-06,6 1 2 4 3 5
919,35,1E-06,6 1 2 4 3 5
920,35,1E-06,6 1 2 4 3 5
921,35,1E-06,6 1 2 4 3 5
922,35,1E-06,6 1 2 4 3 5
923,35,1E-06,6 1 2 4 3 5
924,35,1E-06,6 1 2 4 3 5
925,35,1E-06,6 1 2 4 3 5
926,35,1E-06,6 1 2 4 3 5
927,35,1E-06,6 1 2 4 3 5
928,35,1E-06,6 1 2 4 3 5
929,35,1E-06,6 1 2 4 3 5
930,35,1E-06,6 1 2 4 3 5
931,35,1E-06,6 1 2 4 3 5
932,35,1E-06,6 1 2 4 3 5
933,35,1E-06,6 1 2 4 3 5
934,35,1E-06,6 1 2 4 3 5
935,35,1E-06,6 1 2 4 3 5
936,35,1E-06,6 1 2 4 3 5
937,35,1E-06,6 1 2 4 3 5
938,35,1E-06,6 1 2 4 3 5
939,35,1E-06,6 1 2 4 3 5
940,35,1E-06,6 1 2 4 3 5
941,35,1E-06,6 1 2 4 3 5
942,35,1E-06,6 1 2 4 3 5
943,35,1E-06,6 1 2 4 3 5
944,35,1E-06,6 1 2 4 3 5
945,35,1E-06,6 1 2 4 3 5
946,35,1E-06,6 1 2 4 3 5
947,35,1E-06,6 1 2 4 3 5
948,35,1E-06,6 1 2 4 3 5
949,35,1E-06,6 1 2 4 3 5
950,35,1E-06,6 1 2 4 3 5
951,35,1E-06,6 1 2 4 3 5
952,35,1E-06,6 1 2 4 3 5
953,35,1E-06,6 1 2 4 3 5
954,35,1E-06,6 1 2 4 3 5
955,35,1E-06,6 1 2 4 3 5
956,35,1E-06,6 1 2 4 3 5
957,35,1E-06,6 1 2 4 3 5
958,35,1E-06,6 1 2 4 3 5
959,35,1E-06,6 1 2 4 3 5
960,35,1E-06,6 1 2 4 3 5
961,35,1E-06,6 1 2 4 3 5
962,35,1E-06,6 1 2 4 3 5
963,35,1E-06,6 1 2 4 3 5
964,35,1E-06,6 1 2 4 3 5
965,35,1E-06,6 1 2 4 3 5
966,35,1E-06,6 1 2 4 3 5
967,35,1E-06,6 1 2 4 3 5
968,35,1E-06,6 1 2 4 3 5
969,35,1E-06,6 1 2 4 3 5
970,35,1E-06,6 1 2 4 3 5
971,35,1E-06,6 1 2 4 3 5
972,35,1E-06,6 1 2 4 3 5
973,35,1E-06,6 1 2 4 3 5
974,35,1E-06,6 1 2 4 3 5
975,35,1E-06,6 1 2 4 3 5
976,35,1E-06,6 1 2 4 3 5
977,35,1E-06,6 1 2 4 3 5
978,35,1E-06,6 1 2 4 3 5
979,35,1E-06,6 1 2 4 3 5
980,35,1E-06,6 1 2 4 3 5
981,35,1E-06,6 1 2 4 3 5
982,35,1E-06,6 1 2 4 3 5
983,35,1E-06,6 1 2 4 3 5
984,35,1E-06,6 1 2 4 3 5
985,35,1E-06,6 1 2 4 3 5
986,35,1E-06,6 1 2 4 3 5
987,35,1E-06,6 1 2 4 3 5
988,35,1E-06,6 1 2 4 3 5
989,35,1E-06,6 1 2 4 3 5
990,35,1E-06,6 1 2 4 3 5
991,35,1E-06,6 1 2 4 3 5
992,35,1E-06,6 1 2 4 3 5
993,35,1E-06,6 1 2 4 3 5
994,35,1E-06,6 1 2 4 3 5
995,35,1E-06,6 1 2 4 3 5
996,35,1E-06,6 1 2 4 3 5
997,35,1E-06,6 1 2 4 3 5
998,35,1E-06,6 1 2 4 3 5
999,35,1E-06,6 1 2 4 3 5
